{
    "metrics": {
        "http_req_receiving": {
            "max": 1071.357167,
            "p(95)": 1.5148229999999985,
            "p(99)": 562.8690816999984,
            "count": 266,
            "avg": 17.85255607142857,
            "min": 0.030541,
            "med": 0.1630205
        },
        "http_reqs": {
            "count": 266,
            "rate": 8.63028956011405
        },
        "iterations": {
            "count": 137,
            "rate": 4.44492357043468
        },
        "vus_max": {
            "value": 5,
            "min": 5,
            "max": 5
        },
        "http_req_connecting": {
            "p(95)": 0,
            "p(99)": 1.01246075,
            "count": 266,
            "avg": 0.03279668045112782,
            "min": 0,
            "med": 0,
            "max": 1.174833
        },
        "data_received": {
            "count": 7630417,
            "rate": 247566.5720842736
        },
        "vus": {
            "value": 5,
            "min": 5,
            "max": 5
        },
        "http_req_failed": {
            "passes": 0,
            "fails": 266,
            "thresholds": {
                "rate<0.05": false
            },
            "value": 0
        },
        "http_req_waiting": {
            "med": 22.492187,
            "max": 556.596792,
            "p(95)": 36.03982325,
            "p(99)": 494.19800019999997,
            "count": 266,
            "avg": 36.12854106766918,
            "min": 15.566791
        },
        "http_req_duration{expected_response:true}": {
            "p(99)": 1005.2376065999989,
            "count": 266,
            "avg": 54.021151939849595,
            "min": 15.831208,
            "med": 23.3307915,
            "max": 1627.979334,
            "p(95)": 36.591353749999996
        },
        "http_req_sending": {
            "avg": 0.040054800751879706,
            "min": 0.007125,
            "med": 0.033209,
            "max": 0.578375,
            "p(95)": 0.079625,
            "p(99)": 0.14748979999999987,
            "count": 266
        },
        "http_req_duration": {
            "max": 1627.979334,
            "p(95)": 36.591353749999996,
            "p(99)": 1005.2376065999989,
            "count": 266,
            "avg": 54.021151939849595,
            "min": 15.831208,
            "med": 23.3307915,
            "thresholds": {
                "p(95)<1500": false
            }
        },
        "http_req_blocked": {
            "max": 92.318277,
            "p(95)": 0.038145749999999805,
            "p(99)": 85.51894945,
            "count": 266,
            "avg": 2.80343427819549,
            "min": 0.001375,
            "med": 0.0071045
        },
        "http_req_tls_handshaking": {
            "count": 266,
            "avg": 2.2700143007518796,
            "min": 0,
            "med": 0,
            "max": 75.481778,
            "p(95)": 0,
            "p(99)": 66.60701504999999
        },
        "checks": {
            "passes": 274,
            "fails": 0,
            "thresholds": {
                "rate>0.95": false
            },
            "value": 1
        },
        "data_sent": {
            "count": 182264,
            "rate": 5913.500362348223
        },
        "iteration_duration": {
            "count": 137,
            "avg": 1112.7710330145987,
            "min": 1042.244667,
            "med": 1049.028125,
            "max": 2634.037585,
            "p(95)": 1846.1585171999998,
            "p(99)": 2321.40933912
        }
    },
    "root_group": {
        "name": "",
        "path": "",
        "id": "d41d8cd98f00b204e9800998ecf8427e",
        "groups": {},
        "checks": {
                "status is 200": {
                    "name": "status is 200",
                    "path": "::status is 200",
                    "id": "6210a8cd14cd70477eba5c5e4cb3fb5f",
                    "passes": 137,
                    "fails": 0
                },
                "body contains 百度": {
                    "id": "b7c5232438467814ac4fda8d04799eac",
                    "passes": 137,
                    "fails": 0,
                    "name": "body contains 百度",
                    "path": "::body contains 百度"
                }
            }
    }
}